,latitude,longitude,price,bedrooms,bathrooms,homeType,homeStatus
0,21.4411,-158.1885,230000.0,0.0,1.0,CONDO,FOR_SALE
1,21.320112,-157.79565,1925000.0,4.0,3.0,SINGLE_FAMILY,FOR_SALE
2,21.321608,-158.0127,829900.0,3.0,2.0,SINGLE_FAMILY,FOR_SALE
3,21.440254,-158.18042,725000.0,3.0,2.0,SINGLE_FAMILY,FOR_SALE
4,21.369734,-157.92274,480000.0,1.0,1.0,TOWNHOUSE,FOR_SALE
5,21.673733,-157.95506,1030000.0,3.0,3.0,SINGLE_FAMILY,FOR_SALE
6,21.302103,-157.83914,480000.0,3.0,2.0,SINGLE_FAMILY,FOR_SALE
7,21.385515,-158.1478,63000.0,2.0,1.0,CONDO,FOR_SALE
8,21.398397,-158.03343,950000.0,3.0,3.0,SINGLE_FAMILY,FOR_SALE
9,21.30462,-157.8495,410000.0,1.0,1.0,CONDO,FOR_SALE
10,21.4096,-158.00708,660000.0,3.0,2.0,TOWNHOUSE,FOR_SALE
11,21.69274,-158.0182,3599500.0,5.0,4.0,SINGLE_FAMILY,FOR_SALE
12,21.386131,-157.94589,599000.0,3.0,2.0,TOWNHOUSE,FOR_SALE
13,21.401812,-157.78452,848000.0,4.0,2.0,SINGLE_FAMILY,FOR_SALE
14,21.265036,-157.70872,4875000.0,5.0,4.0,SINGLE_FAMILY,FOR_SALE
15,21.294588,-157.83871,470000.0,2.0,1.0,CONDO,FOR_SALE
16,21.437458,-157.8242,540000.0,2.0,1.0,CONDO,FOR_SALE
17,21.407122,-157.74747,1269000.0,3.0,1.0,SINGLE_FAMILY,FOR_SALE
18,21.382223,-157.75684,1240000.0,3.0,2.0,SINGLE_FAMILY,FOR_SALE
19,21.404589,-158.16342,799000.0,3.0,3.0,SINGLE_FAMILY,FOR_SALE
20,21.283178,-157.74477,6200000.0,5.0,5.0,SINGLE_FAMILY,FOR_SALE
21,21.341202,-158.02193,955000.0,3.0,3.0,SINGLE_FAMILY,FOR_SALE
22,21.456347,-157.84427,1199000.0,8.0,5.0,SINGLE_FAMILY,FOR_SALE
23,21.474339,-157.99712,695000.0,3.0,2.0,TOWNHOUSE,FOR_SALE
24,21.309084,-157.84286,460000.0,1.0,1.0,CONDO,FOR_SALE
25,21.43701,-157.83676,1150000.0,4.0,2.0,SINGLE_FAMILY,FOR_SALE
26,21.582754,-158.13676,425000.0,1.0,1.0,CONDO,FOR_SALE
27,21.480673,-158.20386,355000.0,2.0,1.0,CONDO,FOR_SALE
28,21.381184,-157.91458,2695000.0,5.0,6.0,SINGLE_FAMILY,FOR_SALE
29,21.467752,-157.84349,199500.0,,,LOT,FOR_SALE
30,21.405525,-157.89836,699000.0,4.0,3.0,TOWNHOUSE,FOR_SALE
31,21.419111,-157.99568,910000.0,3.0,2.0,SINGLE_FAMILY,FOR_SALE
32,21.442827,-158.01056,1250000.0,4.0,3.0,SINGLE_FAMILY,FOR_SALE
33,21.292128,-157.72519,1199900.0,3.0,1.0,SINGLE_FAMILY,FOR_SALE
34,21.396975,-157.9514,685000.0,3.0,3.0,TOWNHOUSE,FOR_SALE
35,21.424377,-157.81178,1399000.0,4.0,2.0,SINGLE_FAMILY,FOR_SALE
36,21.36685,-157.93343,1150000.0,9.0,6.0,SINGLE_FAMILY,FOR_SALE
37,21.337223,-158.11118,775000.0,2.0,3.0,TOWNHOUSE,FOR_SALE
38,21.284958,-157.73361,1495000.0,4.0,2.0,SINGLE_FAMILY,FOR_SALE
39,21.393728,-157.93852,1375000.0,4.0,2.0,SINGLE_FAMILY,FOR_SALE
40,21.640684,-158.04211,1899000.0,4.0,4.0,SINGLE_FAMILY,FOR_SALE
41,21.303783,-157.68549,959000.0,4.0,2.0,TOWNHOUSE,FOR_SALE
42,21.387434,-157.94186,455000.0,2.0,1.0,CONDO,FOR_SALE
43,21.470848,-158.00262,438000.0,2.0,2.0,TOWNHOUSE,FOR_SALE
44,21.28667,-157.82666,519000.0,1.0,1.0,CONDO,FOR_SALE
45,21.33591,-158.02518,500000.0,2.0,2.0,TOWNHOUSE,FOR_SALE
46,21.350294,-158.03732,870000.0,3.0,3.0,SINGLE_FAMILY,FOR_SALE
47,21.285904,-157.82692,479000.0,2.0,1.0,CONDO,FOR_SALE
48,21.306828,-157.84666,449000.0,2.0,2.0,CONDO,FOR_SALE
49,21.349623,-158.0366,1550000.0,3.0,2.0,SINGLE_FAMILY,FOR_SALE
50,21.304926,-157.85025,350000.0,1.0,1.0,CONDO,FOR_SALE
51,21.290108,-157.8096,275000.0,3.0,2.0,CONDO,FOR_SALE
52,21.430632,-157.95227,1250000.0,6.0,4.0,SINGLE_FAMILY,FOR_SALE
53,21.458614,-158.00012,1400000.0,3.0,2.0,SINGLE_FAMILY,FOR_SALE
54,21.343496,-157.8641,1300000.0,7.0,2.0,SINGLE_FAMILY,FOR_SALE
55,21.44589,-158.01245,1075000.0,4.0,3.0,SINGLE_FAMILY,FOR_SALE
56,21.390778,-158.14973,735000.0,4.0,3.0,SINGLE_FAMILY,FOR_SALE
57,21.309444,-157.84935,699000.0,2.0,2.0,CONDO,FOR_SALE
58,21.677616,-157.97752,2100000.0,3.0,2.0,TOWNHOUSE,FOR_SALE
59,21.369225,-157.89168,995000.0,4.0,3.0,SINGLE_FAMILY,FOR_SALE
60,21.40663,-158.17299,750000.0,4.0,2.0,SINGLE_FAMILY,FOR_SALE
61,21.483,-158.19305,945000.0,4.0,3.0,SINGLE_FAMILY,FOR_SALE
62,21.291458,-157.83942,418000.0,2.0,2.0,CONDO,FOR_SALE
63,21.472744,-158.00977,675000.0,2.0,2.0,TOWNHOUSE,FOR_SALE
64,21.284418,-157.82936,625000.0,2.0,2.0,CONDO,FOR_SALE
65,21.301836,-157.8404,550000.0,2.0,2.0,CONDO,FOR_SALE
66,21.379366,-157.93213,310000.0,2.0,1.0,CONDO,FOR_SALE
67,21.335508,-158.0637,525000.0,2.0,2.0,TOWNHOUSE,FOR_SALE
68,21.402725,-158.02423,1230000.0,4.0,3.0,SINGLE_FAMILY,FOR_SALE
69,21.304214,-157.84633,345000.0,1.0,1.0,CONDO,FOR_SALE
70,21.286493,-157.8,3480000.0,,,MULTI_FAMILY,FOR_SALE
71,21.400707,-157.80145,485000.0,2.0,1.0,CONDO,FOR_SALE
72,21.411116,-157.77202,1825000.0,3.0,2.0,SINGLE_FAMILY,FOR_SALE
73,21.413324,-157.80988,559000.0,3.0,2.0,CONDO,FOR_SALE
74,21.405912,-158.16606,770000.0,3.0,2.0,SINGLE_FAMILY,FOR_SALE
75,21.404013,-158.16296,805000.0,3.0,3.0,SINGLE_FAMILY,FOR_SALE
76,21.455748,-157.84654,1200000.0,3.0,2.0,SINGLE_FAMILY,FOR_SALE
77,21.465908,-158.02077,579900.0,3.0,2.0,CONDO,FOR_SALE
78,21.388672,-157.95006,1200000.0,3.0,1.0,SINGLE_FAMILY,FOR_SALE
79,21.44118,-158.01709,698000.0,3.0,3.0,TOWNHOUSE,FOR_SALE
80,21.340456,-158.107,850000.0,3.0,2.0,SINGLE_FAMILY,FOR_SALE
81,21.395344,-158.00665,749000.0,3.0,2.0,SINGLE_FAMILY,FOR_SALE
82,21.45726,-157.83072,2098000.0,6.0,4.0,MULTI_FAMILY,FOR_SALE
83,21.391243,-157.93155,469000.0,2.0,2.0,CONDO,FOR_SALE
84,21.292986,-157.70703,715000.0,2.0,2.0,CONDO,FOR_SALE
85,21.286657,-157.82283,365000.0,1.0,1.0,CONDO,FOR_SALE
86,21.408016,-157.74507,2999000.0,7.0,5.0,SINGLE_FAMILY,FOR_SALE
87,21.418312,-157.79414,1388000.0,4.0,3.0,SINGLE_FAMILY,FOR_SALE
88,21.409925,-157.94824,719000.0,3.0,2.0,TOWNHOUSE,FOR_SALE
89,21.37717,-157.72835,1300000.0,4.0,2.0,SINGLE_FAMILY,FOR_SALE
90,21.30606,-157.84666,1100000.0,4.0,3.0,SINGLE_FAMILY,FOR_SALE
91,21.313068,-157.8516,1295000.0,3.0,2.0,SINGLE_FAMILY,FOR_SALE
92,21.308216,-157.84409,425000.0,1.0,1.0,CONDO,FOR_SALE
93,21.36953,-157.92198,635000.0,2.0,2.0,TOWNHOUSE,FOR_SALE
94,21.293633,-157.83743,450000.0,2.0,1.0,CONDO,FOR_SALE
95,21.295355,-157.68073,1680000.0,3.0,2.0,SINGLE_FAMILY,FOR_SALE
96,21.35806,-158.08257,599500.0,3.0,2.0,TOWNHOUSE,FOR_SALE
97,21.46653,-158.02113,410000.0,2.0,1.0,CONDO,FOR_SALE
98,21.29454,-157.82529,2500000.0,,,MULTI_FAMILY,FOR_SALE
99,21.393972,-157.9525,599000.0,3.0,3.0,TOWNHOUSE,FOR_SALE
100,21.385563,-157.93938,299000.0,1.0,1.0,CONDO,FOR_SALE
101,21.355713,-158.0861,650000.0,2.0,2.0,TOWNHOUSE,FOR_SALE
102,21.436922,-158.18614,826000.0,3.0,1.0,SINGLE_FAMILY,FOR_SALE
103,21.275824,-157.82098,698000.0,2.0,2.0,CONDO,FOR_SALE
104,21.451591,-157.82349,1550000.0,6.0,5.0,SINGLE_FAMILY,FOR_SALE
105,21.281206,-157.78848,2075000.0,3.0,3.0,SINGLE_FAMILY,FOR_SALE
106,21.44176,-158.18207,769000.0,4.0,4.0,SINGLE_FAMILY,FOR_SALE
107,21.385134,-158.02039,895000.0,3.0,2.0,SINGLE_FAMILY,FOR_SALE
108,21.283642,-157.83226,385000.0,0.0,1.0,CONDO,FOR_SALE
109,21.291733,-157.67506,2100000.0,3.0,3.0,SINGLE_FAMILY,FOR_SALE
110,21.279984,-157.76903,2250000.0,5.0,3.0,SINGLE_FAMILY,FOR_SALE
111,21.384237,-157.93694,599000.0,3.0,2.0,TOWNHOUSE,FOR_SALE
112,21.442106,-158.17975,915000.0,4.0,2.0,SINGLE_FAMILY,FOR_SALE
113,21.393312,-157.9635,895000.0,3.0,2.0,SINGLE_FAMILY,FOR_SALE
114,21.311335,-158.00491,1499000.0,3.0,2.0,SINGLE_FAMILY,FOR_SALE
115,21.378977,-157.73682,1725000.0,3.0,3.0,SINGLE_FAMILY,FOR_SALE
116,21.286953,-157.78487,2100000.0,3.0,3.0,SINGLE_FAMILY,FOR_SALE
117,21.389029,-157.95705,749000.0,3.0,1.0,SINGLE_FAMILY,FOR_SALE
118,21.342627,-158.0838,880000.0,3.0,2.0,SINGLE_FAMILY,FOR_SALE
119,21.42138,-157.80116,765000.0,3.0,2.0,TOWNHOUSE,FOR_SALE
120,21.307467,-157.84776,565000.0,2.0,2.0,CONDO,FOR_SALE
121,21.332123,-158.0135,820000.0,3.0,2.0,SINGLE_FAMILY,FOR_SALE
122,21.480455,-158.20338,299000.0,2.0,1.0,CONDO,FOR_SALE
123,21.325275,-158.07661,950000.0,3.0,3.0,SINGLE_FAMILY,FOR_SALE
124,21.45187,-157.8265,2500000.0,7.0,8.0,SINGLE_FAMILY,FOR_SALE
125,21.352377,-158.08891,635000.0,2.0,2.0,TOWNHOUSE,FOR_SALE
126,21.341534,-158.08499,1199000.0,6.0,3.0,SINGLE_FAMILY,FOR_SALE
127,21.405787,-158.03123,926000.0,3.0,2.0,SINGLE_FAMILY,FOR_SALE
128,21.386406,-157.93924,375000.0,3.0,2.0,CONDO,FOR_SALE
129,21.393827,-158.15266,625000.0,3.0,2.0,SINGLE_FAMILY,FOR_SALE
130,21.479717,-157.97713,1580000.0,5.0,4.0,SINGLE_FAMILY,FOR_SALE
131,21.322134,-158.02287,780000.0,3.0,3.0,TOWNHOUSE,FOR_SALE
132,21.330732,-158.00935,1550000.0,4.0,3.0,SINGLE_FAMILY,FOR_SALE
133,21.274765,-157.79735,1250000.0,3.0,3.0,SINGLE_FAMILY,FOR_SALE
134,21.438946,-157.83293,758000.0,3.0,3.0,TOWNHOUSE,FOR_SALE
135,21.269073,-157.79362,2250000.0,3.0,4.0,SINGLE_FAMILY,FOR_SALE
136,21.280842,-157.79413,975000.0,,,LOT,FOR_SALE
137,21.303635,-157.83763,2150000.0,8.0,5.0,MULTI_FAMILY,FOR_SALE
138,21.301172,-157.70425,1575000.0,3.0,3.0,SINGLE_FAMILY,FOR_SALE
139,21.28339,-157.83022,380000.0,1.0,1.0,CONDO,FOR_SALE
140,21.339785,-158.01166,920000.0,3.0,3.0,SINGLE_FAMILY,FOR_SALE
141,21.338276,-157.70038,1190000.0,3.0,2.0,SINGLE_FAMILY,FOR_SALE
142,21.396492,-157.97557,470000.0,2.0,2.0,CONDO,FOR_SALE
143,21.320198,-158.02287,719999.0,3.0,3.0,TOWNHOUSE,FOR_SALE
144,21.47406,-158.21465,550000.0,3.0,2.0,SINGLE_FAMILY,FOR_SALE
145,21.39556,-157.93277,700000.0,3.0,2.0,TOWNHOUSE,FOR_SALE
146,21.302551,-157.83237,475000.0,2.0,1.0,CONDO,FOR_SALE
147,21.695807,-157.98204,2500000.0,6.0,4.0,SINGLE_FAMILY,FOR_SALE
148,21.262749,-157.78748,7250000.0,4.0,7.0,SINGLE_FAMILY,FOR_SALE
149,21.299507,-157.67535,1595000.0,4.0,2.0,SINGLE_FAMILY,FOR_SALE
150,21.284874,-157.7604,2188000.0,5.0,4.0,SINGLE_FAMILY,FOR_SALE
151,21.363688,-157.91956,1288000.0,4.0,3.0,SINGLE_FAMILY,FOR_SALE
152,21.309116,-157.86362,1285000.0,2.0,2.0,CONDO,FOR_SALE
153,21.264046,-157.70929,3478000.0,7.0,5.0,SINGLE_FAMILY,FOR_SALE
154,21.400427,-157.95007,630000.0,2.0,2.0,TOWNHOUSE,FOR_SALE
155,21.308262,-157.81528,1998000.0,4.0,3.0,SINGLE_FAMILY,FOR_SALE
156,21.291643,-157.82019,305000.0,0.0,1.0,CONDO,FOR_SALE
157,21.499727,-158.02487,498000.0,,,LOT,FOR_SALE
158,21.460896,-158.00314,1075000.0,3.0,3.0,SINGLE_FAMILY,FOR_SALE
159,21.414036,-157.7666,1295000.0,3.0,2.0,SINGLE_FAMILY,FOR_SALE
160,21.314365,-158.02254,749000.0,3.0,3.0,TOWNHOUSE,FOR_SALE
161,21.284998,-157.77032,1425000.0,4.0,3.0,SINGLE_FAMILY,FOR_SALE
162,21.33629,-158.03247,938000.0,3.0,2.0,SINGLE_FAMILY,FOR_SALE
163,21.541883,-157.84247,1250000.0,3.0,2.0,SINGLE_FAMILY,FOR_SALE
164,21.406246,-158.17587,1350000.0,9.0,7.0,SINGLE_FAMILY,FOR_SALE
165,21.279453,-157.82367,380000.0,1.0,1.0,CONDO,FOR_SALE
166,21.356829,-158.02724,465000.0,1.0,1.0,TOWNHOUSE,FOR_SALE
167,21.415342,-157.95729,999000.0,4.0,2.0,SINGLE_FAMILY,FOR_SALE
168,21.408592,-158.16798,710000.0,4.0,3.0,SINGLE_FAMILY,FOR_SALE
169,21.309649,-157.79045,1450000.0,4.0,3.0,SINGLE_FAMILY,FOR_SALE
170,21.28431,-157.81126,1275000.0,5.0,2.0,MULTI_FAMILY,FOR_SALE
171,21.503412,-158.0195,795000.0,3.0,2.0,SINGLE_FAMILY,FOR_SALE
172,21.319565,-158.00534,1100000.0,3.0,3.0,SINGLE_FAMILY,FOR_SALE
173,21.396738,-157.92181,1695000.0,4.0,3.0,SINGLE_FAMILY,FOR_SALE
174,21.315655,-157.85645,319000.0,1.0,1.0,CONDO,FOR_SALE
175,21.322168,-158.0237,753000.0,3.0,3.0,TOWNHOUSE,FOR_SALE
176,21.374601,-157.72128,1799000.0,5.0,4.0,SINGLE_FAMILY,FOR_SALE
177,21.46256,-158.01657,1399000.0,5.0,3.0,SINGLE_FAMILY,FOR_SALE
178,21.335897,-158.02039,860000.0,3.0,2.0,SINGLE_FAMILY,FOR_SALE
179,21.405703,-157.99356,1599000.0,13.0,7.0,SINGLE_FAMILY,FOR_SALE
180,21.281364,-157.8163,590000.0,2.0,2.0,CONDO,FOR_SALE
181,21.643286,-158.0394,1825000.0,4.0,3.0,SINGLE_FAMILY,FOR_SALE
182,21.329824,-158.0257,875000.0,3.0,2.0,SINGLE_FAMILY,FOR_SALE
183,21.318033,-157.85336,1530000.0,,,MULTI_FAMILY,FOR_SALE
184,21.30548,-157.83398,240000.0,0.0,1.0,CONDO,FOR_SALE
185,21.33948,-158.01813,700000.0,3.0,2.0,CONDO,FOR_SALE
186,21.326187,-157.87526,365000.0,2.0,1.0,CONDO,FOR_SALE
187,21.39591,-157.74231,725000.0,2.0,2.0,CONDO,FOR_SALE
188,21.412275,-157.74356,6250000.0,4.0,5.0,SINGLE_FAMILY,FOR_SALE
189,21.2711,-157.70699,2785000.0,3.0,3.0,SINGLE_FAMILY,FOR_SALE
190,21.406572,-158.16817,700000.0,3.0,3.0,SINGLE_FAMILY,FOR_SALE
191,21.315817,-157.80513,1690000.0,3.0,2.0,SINGLE_FAMILY,FOR_SALE
192,21.416924,-157.8111,650000.0,2.0,1.0,TOWNHOUSE,FOR_SALE
193,21.274864,-157.70848,5199999.0,6.0,9.0,SINGLE_FAMILY,FOR_SALE
194,21.346107,-157.90512,438000.0,1.0,1.0,CONDO,FOR_SALE
195,21.305573,-157.84076,420000.0,1.0,1.0,CONDO,FOR_SALE
196,21.38513,-157.7347,1625000.0,3.0,2.0,SINGLE_FAMILY,FOR_SALE
197,21.41641,-157.79388,648000.0,,,LOT,FOR_SALE
198,21.361774,-158.08922,519000.0,2.0,2.0,CONDO,FOR_SALE
199,21.366484,-158.08298,450000.0,2.0,1.0,TOWNHOUSE,FOR_SALE
200,21.308619,-158.02718,1455000.0,4.0,3.0,SINGLE_FAMILY,FOR_SALE
201,21.28599,-157.82373,840000.0,2.0,2.0,CONDO,FOR_SALE
202,21.331465,-158.01521,800000.0,3.0,3.0,SINGLE_FAMILY,FOR_SALE
203,21.47503,-158.00542,1249000.0,3.0,3.0,SINGLE_FAMILY,FOR_SALE
204,21.370005,-157.76804,1725000.0,4.0,2.0,SINGLE_FAMILY,FOR_SALE
205,21.45777,-158.00986,1145000.0,4.0,2.0,SINGLE_FAMILY,FOR_SALE
206,21.345875,-158.08907,975000.0,4.0,2.0,SINGLE_FAMILY,FOR_SALE
207,21.259974,-157.79178,4500000.0,4.0,5.0,SINGLE_FAMILY,FOR_SALE
208,21.331839,-158.07033,517000.0,2.0,1.0,TOWNHOUSE,FOR_SALE
209,21.483389,-158.20284,289000.0,1.0,1.0,CONDO,FOR_SALE
210,21.337467,-158.11089,775000.0,2.0,3.0,TOWNHOUSE,FOR_SALE
211,21.484661,-158.19267,1548000.0,4.0,4.0,SINGLE_FAMILY,FOR_SALE
212,21.367588,-157.91483,1250000.0,4.0,2.0,SINGLE_FAMILY,FOR_SALE
213,21.293634,-157.84013,280000.0,0.0,1.0,CONDO,FOR_SALE
214,21.338648,-158.03078,380000.0,1.0,1.0,TOWNHOUSE,FOR_SALE
215,21.388962,-158.03009,888000.0,3.0,2.0,SINGLE_FAMILY,FOR_SALE
216,21.394508,-158.02763,899000.0,3.0,2.0,SINGLE_FAMILY,FOR_SALE
217,21.462927,-158.00345,988000.0,2.0,2.0,SINGLE_FAMILY,FOR_SALE
218,21.32035,-158.00725,825000.0,5.0,2.0,SINGLE_FAMILY,FOR_SALE
219,21.271265,-157.7757,175000.0,2.0,2.0,CONDO,FOR_SALE
220,21.311068,-157.83585,3900000.0,12.0,10.0,SINGLE_FAMILY,FOR_SALE
221,21.282713,-157.8288,410000.0,1.0,1.0,CONDO,FOR_SALE
222,21.50869,-158.0014,715000.0,3.0,2.0,SINGLE_FAMILY,FOR_SALE
223,21.358204,-158.02664,899000.0,3.0,3.0,SINGLE_FAMILY,FOR_SALE
224,21.259148,-157.81924,5599000.0,2.0,2.0,CONDO,FOR_SALE
225,21.49638,-158.04994,345000.0,2.0,1.0,CONDO,FOR_SALE
226,21.27509,-157.81874,350000.0,1.0,1.0,CONDO,FOR_SALE
227,21.411406,-157.80602,780000.0,3.0,3.0,SINGLE_FAMILY,FOR_SALE
228,21.34401,-158.08133,949000.0,4.0,2.0,SINGLE_FAMILY,FOR_SALE
229,21.365278,-158.07762,1285000.0,4.0,3.0,SINGLE_FAMILY,FOR_SALE
230,21.397015,-157.73842,2655000.0,3.0,2.0,SINGLE_FAMILY,FOR_SALE
231,21.38552,-157.93617,545000.0,2.0,2.0,CONDO,FOR_SALE
232,21.32559,-158.0768,925000.0,3.0,2.0,SINGLE_FAMILY,FOR_SALE
233,21.312403,-157.99849,2780000.0,8.0,4.0,SINGLE_FAMILY,FOR_SALE
234,21.285557,-157.83711,718000.0,2.0,2.0,CONDO,FOR_SALE
235,21.361746,-158.0787,997000.0,3.0,2.0,SINGLE_FAMILY,FOR_SALE
236,21.293158,-157.82855,425000.0,1.0,1.0,CONDO,FOR_SALE
237,21.292885,-157.72581,950000.0,4.0,2.0,SINGLE_FAMILY,FOR_SALE
238,21.414001,-157.99986,479000.0,2.0,1.0,TOWNHOUSE,FOR_SALE
239,21.416077,-158.17561,750000.0,5.0,2.0,SINGLE_FAMILY,FOR_SALE
240,21.344597,-157.91164,510000.0,3.0,2.0,CONDO,FOR_SALE
241,21.295885,-157.6851,1830000.0,4.0,3.0,SINGLE_FAMILY,FOR_SALE
242,21.414736,-157.76451,965000.0,4.0,2.0,TOWNHOUSE,FOR_SALE
243,21.423225,-157.79445,729000.0,2.0,2.0,TOWNHOUSE,FOR_SALE
244,21.30812,-157.84813,565000.0,2.0,2.0,CONDO,FOR_SALE
245,21.293266,-157.74706,2980000.0,4.0,5.0,SINGLE_FAMILY,FOR_SALE
246,21.42324,-157.95772,842700.0,3.0,3.0,CONDO,FOR_SALE
247,21.369125,-157.92447,540000.0,2.0,1.0,TOWNHOUSE,FOR_SALE
248,21.341562,-158.02162,998000.0,5.0,3.0,SINGLE_FAMILY,FOR_SALE
249,21.392454,-157.99825,1088000.0,5.0,3.0,SINGLE_FAMILY,FOR_SALE
250,21.28365,-157.81883,2500000.0,,,MULTI_FAMILY,FOR_SALE
251,21.35911,-157.85141,899000.0,7.0,2.0,SINGLE_FAMILY,FOR_SALE
252,21.287172,-157.83961,599000.0,2.0,2.0,CONDO,FOR_SALE
253,21.482248,-158.20401,495000.0,2.0,2.0,CONDO,FOR_SALE
254,21.314623,-157.85614,450000.0,2.0,1.0,CONDO,FOR_SALE
255,21.579473,-158.10805,850000.0,3.0,2.0,SINGLE_FAMILY,FOR_SALE
256,21.345745,-157.90135,469000.0,2.0,2.0,CONDO,FOR_SALE
257,21.257713,-157.79227,2500000.0,3.0,1.0,SINGLE_FAMILY,FOR_SALE
258,21.438845,-158.18675,950000.0,4.0,2.0,SINGLE_FAMILY,FOR_SALE
259,21.420477,-157.79916,1395000.0,5.0,3.0,SINGLE_FAMILY,FOR_SALE
260,21.396297,-157.95164,688000.0,3.0,3.0,TOWNHOUSE,FOR_SALE
261,21.382265,-157.73051,1850000.0,7.0,4.0,SINGLE_FAMILY,FOR_SALE
262,21.283016,-157.81595,425000.0,1.0,1.0,CONDO,FOR_SALE
263,21.311361,-158.02074,1150000.0,4.0,4.0,SINGLE_FAMILY,FOR_SALE
264,21.361654,-157.76697,885000.0,3.0,3.0,TOWNHOUSE,FOR_SALE
265,21.551006,-157.84789,1895000.0,2.0,2.0,SINGLE_FAMILY,FOR_SALE
266,21.34458,-157.91162,488000.0,3.0,2.0,CONDO,FOR_SALE
267,21.32203,-158.01045,800000.0,4.0,1.0,SINGLE_FAMILY,FOR_SALE
268,21.30868,-158.02193,1575000.0,4.0,3.0,SINGLE_FAMILY,FOR_SALE
269,21.346085,-158.08934,829000.0,3.0,2.0,SINGLE_FAMILY,FOR_SALE
270,21.41832,-158.00226,979000.0,3.0,2.0,SINGLE_FAMILY,FOR_SALE
271,21.393122,-157.73958,1225000.0,3.0,2.0,CONDO,FOR_SALE
272,21.332838,-157.86201,1299000.0,4.0,2.0,SINGLE_FAMILY,FOR_SALE
273,21.402803,-157.74602,1585000.0,3.0,4.0,SINGLE_FAMILY,FOR_SALE
274,21.409328,-158.17148,600000.0,4.0,3.0,SINGLE_FAMILY,FOR_SALE
275,21.388891,-157.79932,1375000.0,3.0,2.0,SINGLE_FAMILY,FOR_SALE
276,21.277164,-157.75244,9800000.0,3.0,5.0,SINGLE_FAMILY,FOR_SALE
277,21.31567,-157.8543,717600.0,5.0,2.0,MULTI_FAMILY,FOR_SALE
278,21.356903,-158.08818,565000.0,2.0,1.0,TOWNHOUSE,FOR_SALE
279,21.39508,-157.93973,949000.0,3.0,3.0,SINGLE_FAMILY,FOR_SALE
280,21.305166,-157.83382,295000.0,1.0,1.0,CONDO,FOR_SALE
281,21.396315,-157.9995,1000000.0,3.0,2.0,SINGLE_FAMILY,FOR_SALE
282,21.507921,-158.01326,1250000.0,4.0,3.0,SINGLE_FAMILY,FOR_SALE
283,21.38641,-157.93925,389000.0,3.0,2.0,CONDO,FOR_SALE
284,21.347212,-157.90413,658000.0,2.0,2.0,CONDO,FOR_SALE
285,21.2906,-157.78947,1399000.0,3.0,1.0,SINGLE_FAMILY,FOR_SALE
286,21.4233,-157.79625,875000.0,3.0,2.0,CONDO,FOR_SALE
287,21.33145,-158.01521,800000.0,3.0,3.0,SINGLE_FAMILY,FOR_SALE
288,21.26226,-157.79019,4800000.0,3.0,4.0,SINGLE_FAMILY,FOR_SALE
289,21.348886,-157.91162,450000.0,2.0,1.0,CONDO,FOR_SALE
290,21.284391,-157.7705,1275000.0,3.0,2.0,SINGLE_FAMILY,FOR_SALE
291,21.581963,-158.12437,1698000.0,6.0,4.0,MULTI_FAMILY,FOR_SALE
292,21.408297,-157.8201,1499999.0,4.0,4.0,SINGLE_FAMILY,FOR_SALE
293,21.291784,-157.8282,299900.0,2.0,1.0,CONDO,FOR_SALE
294,21.390648,-157.93211,465000.0,2.0,2.0,CONDO,FOR_SALE
295,21.28723,-157.82571,479000.0,2.0,1.0,CONDO,FOR_SALE
296,21.403805,-158.15167,825000.0,3.0,2.0,SINGLE_FAMILY,FOR_SALE
297,21.285048,-157.83829,250000.0,1.0,1.0,CONDO,FOR_SALE
298,21.395872,-158.03546,1288000.0,4.0,3.0,SINGLE_FAMILY,FOR_SALE
299,21.3351,-157.69615,4850000.0,4.0,3.0,SINGLE_FAMILY,FOR_SALE
300,21.314638,-158.0122,979000.0,4.0,3.0,SINGLE_FAMILY,FOR_SALE
301,21.329718,-157.86342,1390000.0,5.0,4.0,SINGLE_FAMILY,FOR_SALE
302,21.347183,-158.02342,950000.0,3.0,3.0,SINGLE_FAMILY,FOR_SALE
303,21.29949,-157.82332,1750000.0,5.0,3.0,SINGLE_FAMILY,FOR_SALE
304,21.484232,-158.18936,899000.0,,,LOT,FOR_SALE
305,21.29961,-157.69429,2688000.0,4.0,3.0,SINGLE_FAMILY,FOR_SALE
306,21.39249,-158.00137,1198000.0,7.0,4.0,MULTI_FAMILY,FOR_SALE
307,21.392475,-158.00137,1186000.0,7.0,4.0,MULTI_FAMILY,FOR_SALE
308,21.31569,-158.01952,879000.0,3.0,3.0,SINGLE_FAMILY,FOR_SALE
309,21.378885,-157.93091,199900.0,1.0,1.0,CONDO,FOR_SALE
310,21.305098,-157.83778,499000.0,2.0,1.0,CONDO,FOR_SALE
311,21.3355,-158.01428,855000.0,3.0,3.0,SINGLE_FAMILY,FOR_SALE
312,21.273153,-157.78221,2188000.0,3.0,2.0,SINGLE_FAMILY,FOR_SALE
313,21.27527,-157.78818,2399000.0,3.0,2.0,SINGLE_FAMILY,FOR_SALE
314,21.346273,-157.83061,2388000.0,4.0,4.0,SINGLE_FAMILY,FOR_SALE
315,21.383877,-157.99736,925000.0,3.0,2.0,SINGLE_FAMILY,FOR_SALE
316,21.281092,-157.70071,1575000.0,3.0,2.0,SINGLE_FAMILY,FOR_SALE
317,21.306244,-157.84204,360000.0,1.0,1.0,CONDO,FOR_SALE
318,21.29264,-157.69757,3365000.0,3.0,3.0,SINGLE_FAMILY,FOR_SALE
319,21.364597,-158.08412,890000.0,3.0,2.0,SINGLE_FAMILY,FOR_SALE
320,21.43542,-158.02013,1228000.0,5.0,3.0,SINGLE_FAMILY,FOR_SALE
321,21.288952,-157.79083,2485000.0,5.0,4.0,SINGLE_FAMILY,FOR_SALE
322,21.431538,-158.0239,995000.0,3.0,2.0,SINGLE_FAMILY,FOR_SALE
323,21.301552,-157.79047,950000.0,4.0,2.0,SINGLE_FAMILY,FOR_SALE
324,21.321098,-158.02725,869900.0,3.0,3.0,CONDO,FOR_SALE
325,21.42537,-157.76178,850000.0,4.0,2.0,TOWNHOUSE,FOR_SALE
326,21.308065,-158.02426,1245000.0,4.0,3.0,SINGLE_FAMILY,FOR_SALE
327,21.308378,-158.02396,1245000.0,4.0,3.0,SINGLE_FAMILY,FOR_SALE
328,21.44611,-157.83841,885000.0,3.0,2.0,SINGLE_FAMILY,FOR_SALE
329,21.448809,-158.1648,988888.0,3.0,2.0,SINGLE_FAMILY,FOR_SALE
330,21.395674,-157.99796,1545000.0,9.0,6.0,SINGLE_FAMILY,FOR_SALE
331,21.314045,-158.02548,1380000.0,4.0,3.0,SINGLE_FAMILY,FOR_SALE
332,21.309935,-157.85344,95000.0,1.0,1.0,CONDO,FOR_SALE
333,21.337957,-158.01686,749900.0,3.0,3.0,SINGLE_FAMILY,FOR_SALE
334,21.343035,-157.87659,2180000.0,,,MULTI_FAMILY,FOR_SALE
335,21.352821,-157.92505,1198000.0,8.0,3.0,SINGLE_FAMILY,FOR_SALE
336,21.390715,-157.71788,4675000.0,3.0,5.0,SINGLE_FAMILY,FOR_SALE
337,21.402021,-157.75322,1499000.0,4.0,2.0,SINGLE_FAMILY,FOR_SALE
338,21.401903,-157.7534,1599000.0,3.0,3.0,SINGLE_FAMILY,FOR_SALE
339,21.472237,-158.21481,659000.0,3.0,2.0,SINGLE_FAMILY,FOR_SALE
340,21.299358,-157.83582,389000.0,1.0,1.0,CONDO,FOR_SALE
341,21.367954,-158.09154,1650000.0,3.0,4.0,SINGLE_FAMILY,FOR_SALE
342,21.692736,-158.01819,550000.0,,,LOT,FOR_SALE
343,21.341911,-157.87556,1925000.0,17.0,6.0,SINGLE_FAMILY,FOR_SALE
344,21.32395,-157.85622,725000.0,3.0,1.0,SINGLE_FAMILY,FOR_SALE
345,21.3356,-158.06,849000.0,3.0,2.0,SINGLE_FAMILY,FOR_SALE
346,21.298466,-157.83574,540000.0,3.0,2.0,CONDO,FOR_SALE
347,21.289248,-157.70032,2670000.0,4.0,2.0,SINGLE_FAMILY,FOR_SALE
348,21.287619,-157.70325,950000.0,3.0,3.0,TOWNHOUSE,FOR_SALE
349,21.392048,-158.02672,875000.0,3.0,2.0,SINGLE_FAMILY,FOR_SALE
350,21.316174,-158.02599,2188000.0,4.0,4.0,SINGLE_FAMILY,FOR_SALE
351,21.557514,-157.85767,1650000.0,4.0,3.0,SINGLE_FAMILY,FOR_SALE
352,21.314884,-158.03136,840000.0,3.0,3.0,TOWNHOUSE,FOR_SALE
353,21.29907,-157.84149,55000.0,0.0,0.0,CONDO,FOR_SALE
354,21.408636,-158.17091,750000.0,5.0,3.0,SINGLE_FAMILY,FOR_SALE
355,21.40482,-157.7841,1350000.0,5.0,3.0,SINGLE_FAMILY,FOR_SALE
356,21.322311,-157.85092,318000.0,0.0,1.0,CONDO,FOR_SALE
357,21.309505,-158.02518,1599000.0,4.0,3.0,SINGLE_FAMILY,FOR_SALE
358,21.342663,-158.12323,1395000.0,2.0,2.0,TOWNHOUSE,FOR_SALE
359,21.407589,-158.16373,610000.0,3.0,2.0,SINGLE_FAMILY,FOR_SALE
360,21.402441,-157.74837,1300000.0,5.0,3.0,SINGLE_FAMILY,FOR_SALE
361,21.50427,-158.02057,950000.0,6.0,2.0,SINGLE_FAMILY,FOR_SALE
362,21.38503,-157.93509,385000.0,1.0,1.0,CONDO,FOR_SALE
363,21.495241,-158.02553,799900.0,3.0,2.0,SINGLE_FAMILY,FOR_SALE
364,21.344728,-157.91246,435000.0,2.0,2.0,TOWNHOUSE,FOR_SALE
365,21.406069,-158.17084,850000.0,3.0,3.0,SINGLE_FAMILY,FOR_SALE
366,21.414703,-158.17738,495000.0,1.0,1.0,CONDO,FOR_SALE
367,21.321358,-157.86464,7700000.0,,,MULTI_FAMILY,FOR_SALE
368,21.303436,-157.83414,895000.0,2.0,2.0,CONDO,FOR_SALE
369,21.4259,-157.73927,2300000.0,3.0,2.0,SINGLE_FAMILY,FOR_SALE
370,21.287191,-157.83963,625000.0,2.0,2.0,CONDO,FOR_SALE
371,21.297043,-157.67923,1399000.0,,,LOT,FOR_SALE
372,21.301435,-157.83223,410000.0,2.0,1.0,CONDO,FOR_SALE
